1,e90bb7e6-0843-484a-9326-ae4fec4ef020,สตาฟจัดเตรียมงาน
1,e90bb7e6-0843-484a-9326-ae4fec4ef020,สตาฟดูแลทางเข้างาน
1,e90bb7e6-0843-484a-9326-ae4fec4ef020,สตาฟดูแลความปลอดภัย
new,e90bb7e6-0843-484a-9326-ae4fec4ef020,สตาฟจัดเตรียมงาน
nook,e90bb7e6-0843-484a-9326-ae4fec4ef020,สตาฟจัดเตรียมงาน
jSmith89,e90bb7e6-0843-484a-9326-ae4fec4ef020,สตาฟจัดเตรียมงาน
eBrown22,e90bb7e6-0843-484a-9326-ae4fec4ef020,สตาฟจัดเตรียมงาน
dJohnson77,e90bb7e6-0843-484a-9326-ae4fec4ef020,สตาฟจัดเตรียมงาน
new,e90bb7e6-0843-484a-9326-ae4fec4ef020,สตาฟดูแลความปลอดภัย
Britney,e90bb7e6-0843-484a-9326-ae4fec4ef020,สตาฟดูแลความปลอดภัย
Katy,e90bb7e6-0843-484a-9326-ae4fec4ef020,สตาฟดูแลทางเข้างาน
Whitney,e90bb7e6-0843-484a-9326-ae4fec4ef020,สตาฟดูแลความปลอดภัย
Mariah,e90bb7e6-0843-484a-9326-ae4fec4ef020,สตาฟดูแลความปลอดภัย
Gracie,e90bb7e6-0843-484a-9326-ae4fec4ef020,สตาฟดูแลความปลอดภัย
Chris,e90bb7e6-0843-484a-9326-ae4fec4ef020,สตาฟดูแลทางเข้างาน
shawn,e90bb7e6-0843-484a-9326-ae4fec4ef020,สตาฟดูแลทางเข้างาน
nanami,e90bb7e6-0843-484a-9326-ae4fec4ef020,สตาฟดูแลทางเข้างาน
gojo,e90bb7e6-0843-484a-9326-ae4fec4ef020,สตาฟดูแลทางเข้างาน
ice,16aa5209-4332-4907-b639-efcec6218f9a,ทีมดูแลทางเข้างาน
ice,16aa5209-4332-4907-b639-efcec6218f9a,ทีมจัดการบูธ
ice,16aa5209-4332-4907-b639-efcec6218f9a,ทีมดูแลความปลอดภัย
ice,a696b071-b826-47d6-bf3f-9b721044f5de,สตาฟสอนผู้เข้าร่วม
ice,80ff809d-2d54-40b9-8afc-63658420f3af,ทีมจัดบูธ
ice,80ff809d-2d54-40b9-8afc-63658420f3af,ทีมดูแลความปลอดภัย
Solomon,2255983a-080e-49fb-ae25-8fb5c528615d,สตาฟดูแลผู้เข้าร่วม
Solomon,16aa5209-4332-4907-b639-efcec6218f9a,ทีมจัดการบูธ
sWilliams64,16aa5209-4332-4907-b639-efcec6218f9a,ทีมดูแลความปลอดภัย
sWilliams64,16aa5209-4332-4907-b639-efcec6218f9a,ทีมจัดการบูธ
aJones91,16aa5209-4332-4907-b639-efcec6218f9a,ทีมดูแลทางเข้างาน
kelly,16aa5209-4332-4907-b639-efcec6218f9a,ทีมจัดการบูธ
Alicia,16aa5209-4332-4907-b639-efcec6218f9a,ทีมจัดการบูธ
Alicia,a696b071-b826-47d6-bf3f-9b721044f5de,สตาฟสอนผู้เข้าร่วม
1,2255983a-080e-49fb-ae25-8fb5c528615d,สตาฟดูแลผู้เข้าร่วม
Alicia,2255983a-080e-49fb-ae25-8fb5c528615d,สตาฟดูแลผู้เข้าร่วม
paul,80ff809d-2d54-40b9-8afc-63658420f3af,ทีมจัดบูธ
paul,2255983a-080e-49fb-ae25-8fb5c528615d,สตาฟดูแลผู้เข้าร่วม
paul,a696b071-b826-47d6-bf3f-9b721044f5de,สตาฟสอนผู้เข้าร่วม
taylors,80ff809d-2d54-40b9-8afc-63658420f3af,ทีมดูแลความปลอดภัย
harry,80ff809d-2d54-40b9-8afc-63658420f3af,ทีมดูแลความปลอดภัย
oliviarod,80ff809d-2d54-40b9-8afc-63658420f3af,ทีมดูแลความปลอดภัย
rihanna,80ff809d-2d54-40b9-8afc-63658420f3af,ทีมจัดบูธ
nook,80ff809d-2d54-40b9-8afc-63658420f3af,ทีมจัดบูธ
nook,a696b071-b826-47d6-bf3f-9b721044f5de,สตาฟสอนผู้เข้าร่วม
shawn,16aa5209-4332-4907-b639-efcec6218f9a,ทีมดูแลความปลอดภัย
shawn,80ff809d-2d54-40b9-8afc-63658420f3af,ทีมดูแลความปลอดภัย
justinb,e90bb7e6-0843-484a-9326-ae4fec4ef020,สตาฟดูแลความปลอดภัย
justinb,16aa5209-4332-4907-b639-efcec6218f9a,ทีมดูแลความปลอดภัย
justinb,80ff809d-2d54-40b9-8afc-63658420f3af,ทีมดูแลความปลอดภัย
bruno,16aa5209-4332-4907-b639-efcec6218f9a,ทีมดูแลทางเข้างาน
bruno,2255983a-080e-49fb-ae25-8fb5c528615d,สตาฟดูแลผู้เข้าร่วม
bruno,a696b071-b826-47d6-bf3f-9b721044f5de,สตาฟสอนผู้เข้าร่วม
Mariah,80ff809d-2d54-40b9-8afc-63658420f3af,ทีมดูแลความปลอดภัย
Britney,16aa5209-4332-4907-b639-efcec6218f9a,ทีมดูแลความปลอดภัย
aJones91,80ff809d-2d54-40b9-8afc-63658420f3af,ทีมจัดบูธ
ice,2255983a-080e-49fb-ae25-8fb5c528615d,สตาฟดูแลผู้เข้าร่วม
nutt,a696b071-b826-47d6-bf3f-9b721044f5de,สตาฟสอนผู้เข้าร่วม
nutt,2255983a-080e-49fb-ae25-8fb5c528615d,สตาฟดูแลผู้เข้าร่วม
lanadel,16aa5209-4332-4907-b639-efcec6218f9a,ทีมดูแลทางเข้างาน
oliviarod,16aa5209-4332-4907-b639-efcec6218f9a,ทีมดูแลความปลอดภัย
oliviarod,e90bb7e6-0843-484a-9326-ae4fec4ef020,สตาฟดูแลความปลอดภัย
edshee,16aa5209-4332-4907-b639-efcec6218f9a,ทีมดูแลทางเข้างาน
edshee,a696b071-b826-47d6-bf3f-9b721044f5de,สตาฟสอนผู้เข้าร่วม
edshee,2255983a-080e-49fb-ae25-8fb5c528615d,สตาฟดูแลผู้เข้าร่วม
sWilliams64,80ff809d-2d54-40b9-8afc-63658420f3af,ทีมจัดบูธ
1,16aa5209-4332-4907-b639-efcec6218f9a,ทีมจัดการบูธ
