e90bb7e6-0843-484a-9326-ae4fec4ef020,สตาฟจัดเตรียมงาน,1,เข้าร่วมประชุมออนไลน์ได้ที่ Microsft Teams ( รหัส : lsijskn ) วันเวลายังไม่แน่ชัดจะแจ้งอีกทีนะครับ,2023-10-02T07:07:28.449852100,6ea69cb6-3c24-4f69-9a41-ff0ec59915fe
e90bb7e6-0843-484a-9326-ae4fec4ef020,สตาฟจัดเตรียมงาน,1,เข้าร่วมประชุมออนไลน์ได้ที่ Microsft Teams ( รหัส : lsijskn ) วันเวลายังไม่แน่ชัดจะแจ้งอีกทีนะครับ,2023-10-02T07:07:32.337414700,ab3481d7-89f9-48b4-8960-f3d08dc9b2ba
e90bb7e6-0843-484a-9326-ae4fec4ef020,สตาฟจัดเตรียมงาน,1,เข้าร่วมประชุมออนไลน์ได้ที่ Microsft Teams ( รหัส : lsijskn ) วันเวลายังไม่แน่ชัดจะแจ้งอีกทีนะครับ,2023-10-02T07:07:36.961535400,05248428-9503-46ec-8083-86fa6c34ce01
e90bb7e6-0843-484a-9326-ae4fec4ef020,สตาฟจัดเตรียมงาน,1,อันนี้เดี๋ยวเรามาประชุมกันหน้างานนะครับ ขอให้ทุกคนมากันด้วยนะครับ,2023-10-02T07:37:26.576888200,04e0f78d-7f91-4973-836d-e89b312dcf3f
e90bb7e6-0843-484a-9326-ae4fec4ef020,สตาฟดูแลความปลอดภัย,1,เข้าร่วมประชุมออนไลน์ได้ที่ Microsft Teams ( รหัส : oslfksi ) วันเวลายังไม่แน่ชัดจะแจ้งอีกทีนะครับ,2023-10-02T21:18:57.950554600,ac9f2469-6a17-4051-bfd9-9cc96077f28e
e90bb7e6-0843-484a-9326-ae4fec4ef020,สตาฟจัดเตรียมงาน,new,ใส่ชุดอะไรไปหรอครับ,2023-10-02T21:36:07.328955700,87efb63b-d1f2-483a-b3e1-fff5e1c3c645
e90bb7e6-0843-484a-9326-ae4fec4ef020,สตาฟจัดเตรียมงาน,1,ใส่ชุดอะไรมาก็ได้ครับ เดี่ยวเราจะมีการแจกชุดสำหรับวันงานจริงครับ,2023-10-02T21:36:32.849394700,87efb63b-d1f2-483a-b3e1-fff5e1c3c645
e90bb7e6-0843-484a-9326-ae4fec4ef020,สตาฟจัดเตรียมงาน,nook,ถ้าไม่สะดวกไปจริงๆเป็นอะไรไหมครับ,2023-10-02T22:44:31.001035800,04e0f78d-7f91-4973-836d-e89b312dcf3f
e90bb7e6-0843-484a-9326-ae4fec4ef020,สตาฟจัดเตรียมงาน,1,สรุปเราจะประชุมวันที่ 4/10/2023 ที่ Microsoft Teams ที่แจ้งนะครับ,2023-10-03T08:10:59.217409100,6ea69cb6-3c24-4f69-9a41-ff0ec59915fe
e90bb7e6-0843-484a-9326-ae4fec4ef020,สตาฟจัดเตรียมงาน,1,สรุปเราจะประชุมวันที่ 4/10/2023 ที่ Microsoft Teams ที่แจ้งนะครับ,2023-10-03T08:11:04.705842500,ab3481d7-89f9-48b4-8960-f3d08dc9b2ba
e90bb7e6-0843-484a-9326-ae4fec4ef020,สตาฟจัดเตรียมงาน,1,สรุปเราจะประชุมวันที่ 4/10/2023 ที่ Microsoft Teams ที่แจ้งนะครับ,2023-10-03T08:11:06.522009800,05248428-9503-46ec-8083-86fa6c34ce01
e90bb7e6-0843-484a-9326-ae4fec4ef020,สตาฟจัดเตรียมงาน,1,เวลา 10 โมง - เที่ยงนะครับ,2023-10-03T08:11:31.289190400,6ea69cb6-3c24-4f69-9a41-ff0ec59915fe
e90bb7e6-0843-484a-9326-ae4fec4ef020,สตาฟจัดเตรียมงาน,1,เวลาบ่าย 2 ถึง 4 โมงเย็นนะครับ,2023-10-03T08:11:47.689557200,ab3481d7-89f9-48b4-8960-f3d08dc9b2ba
e90bb7e6-0843-484a-9326-ae4fec4ef020,สตาฟจัดเตรียมงาน,1,เวลา 1 ทุ่มถึงประมาณ 3 ทุ่มนะครับ,2023-10-03T08:12:19.001726800,05248428-9503-46ec-8083-86fa6c34ce01
e90bb7e6-0843-484a-9326-ae4fec4ef020,สตาฟดูแลความปลอดภัย,1,เป็นประชุมวันที่ 4/10/2023 เวลา บ่ายโมงเป็นต้นไปนะครับ,2023-10-03T08:18:57.950554600,ac9f2469-6a17-4051-bfd9-9cc96077f28e
e90bb7e6-0843-484a-9326-ae4fec4ef020,สตาฟดูแลความปลอดภัย,1,เดี๋ยวเราไปอบรมกันที่สถานที่จัะดงานนะครับ 5/10/2023 เวลา 11 โมงเป็นต้นไปนะครับ ขอให้ทุกคนมากันด้วยนะครับ,2023-10-03T08:19:51.505782100,cee7f2ef-6552-4a81-bf4d-df3fe858b79a
e90bb7e6-0843-484a-9326-ae4fec4ef020,สตาฟดูแลความปลอดภัย,1,ใส่ชุดอะไรมาก็ได้นะครับ เอาให้ขยับร่างกายได้ถนัดแต่ยังสุภาพหน่อยก็ดีครับ,2023-10-03T08:20:16.818085900,cee7f2ef-6552-4a81-bf4d-df3fe858b79a
e90bb7e6-0843-484a-9326-ae4fec4ef020,สตาฟจัดเตรียมงาน,1,ไม่เป็นไรครับผม แต่ก็อยากให้มากันครับ แต่ถ้าไม่สะดวกจริงๆก็ไม่เป็นไรครับ,2023-10-03T08:46:22.384340900,04e0f78d-7f91-4973-836d-e89b312dcf3f
e90bb7e6-0843-484a-9326-ae4fec4ef020,สตาฟดูแลความปลอดภัย,justinb,แสดงว่าคนผอมก็ใส่ชุดอะไรไปไม่ได้เลยใช่ไหมครับ,2023-10-03T09:49:10.704788200,cee7f2ef-6552-4a81-bf4d-df3fe858b79a
e90bb7e6-0843-484a-9326-ae4fec4ef020,สตาฟดูแลความปลอดภัย,1,ทำไมหรอครับ,2023-10-03T09:50:10.704788200,cee7f2ef-6552-4a81-bf4d-df3fe858b79a
e90bb7e6-0843-484a-9326-ae4fec4ef020,สตาฟดูแลความปลอดภัย,justinb,ก็ชุดมันไม่คัพอะครับ,2023-10-03T10:51:21.296769200,cee7f2ef-6552-4a81-bf4d-df3fe858b79a
e90bb7e6-0843-484a-9326-ae4fec4ef020,สตาฟดูแลความปลอดภัย,justinb,ไม่คัพ(ครับ),2023-10-03T10:51:34.080771100,cee7f2ef-6552-4a81-bf4d-df3fe858b79a
e90bb7e6-0843-484a-9326-ae4fec4ef020,สตาฟดูแลความปลอดภัย,1,555555,2023-10-03T10:52:34.080771100,cee7f2ef-6552-4a81-bf4d-df3fe858b79a
e90bb7e6-0843-484a-9326-ae4fec4ef020,สตาฟดูแลความปลอดภัย,Britney,555555555,2023-10-03T10:52:34.080771100,cee7f2ef-6552-4a81-bf4d-df3fe858b79a
e90bb7e6-0843-484a-9326-ae4fec4ef020,สตาฟดูแลทางเข้างาน,1,เราจะประชุมกันใน Microsoft Team (รหัส : lskfuvn) นะครับ วันที่ 5/10/2023 เวลา 8 โมงเป็นต้นไปนะครับ ขอให้ทุกคนเข้าประชุมกันด้วยนะครับ,2023-10-03T21:46:53.840585500,d121822b-20d1-4487-9a1b-3878e0496322
e90bb7e6-0843-484a-9326-ae4fec4ef020,สตาฟดูแลทางเข้างาน,1,เราจะประชุมกันใน Microsoft Team (รหัส : lskfuvn) นะครับ วันที่ 5/10/2023 เวลา 12 โมงเป็นต้นไปนะครับ ขอให้ทุกคนเข้าประชุมกันด้วยนะครับ,2023-10-03T21:47:02.272172600,b5184c89-cb55-43a8-aa7c-b971f0e0ed12
e90bb7e6-0843-484a-9326-ae4fec4ef020,สตาฟดูแลทางเข้างาน,1,เราจะประชุมกันใน Microsoft Team (รหัส : lskfuvn) นะครับ วันที่ 5/10/2023 เวลา 4 โมงเย็นเป็นต้นไปนะครับ ขอให้ทุกคนเข้าประชุมกันด้วยนะครับ,2023-10-03T21:47:16.015423300,83b26666-dd6a-4845-bf55-2183d88c27fe
e90bb7e6-0843-484a-9326-ae4fec4ef020,สตาฟจัดเตรียมงาน,nook,โอเคครับ,2023-10-03T22:44:13.416954800,05248428-9503-46ec-8083-86fa6c34ce01
16aa5209-4332-4907-b639-efcec6218f9a,ทีมดูแลความปลอดภัย,ice,เดี๋ยวจะมีการประชุมทาง Microsoft Teams รหัสเข้า Teams คือ osinfle นะคะ เข้ามาประชุมกันด้วยนะคะ,2023-10-04T08:01:39.888575400,e19b0d94-91e9-4856-a910-89c3f2711baa
16aa5209-4332-4907-b639-efcec6218f9a,ทีมดูแลความปลอดภัย,ice,เดี๋ยวจะมีการประชุมทาง Microsoft Teams รหัสเข้า Teams คือ osinfle นะคะ เข้ามาประชุมกันด้วยนะคะ,2023-10-04T08:01:44.481160900,b963b63b-659f-421b-9169-dd3c2c1c52a8
16aa5209-4332-4907-b639-efcec6218f9a,ทีมดูแลความปลอดภัย,ice,เดี๋ยวจะมีการประชุมทาง Microsoft Teams รหัสเข้า Teams คือ osinfle นะคะ เข้ามาประชุมกันด้วยนะคะ,2023-10-04T08:01:46.200307700,120be012-1a0f-4f9a-b99f-246e671e77dd
16aa5209-4332-4907-b639-efcec6218f9a,ทีมดูแลทางเข้างาน,ice,ประชุมใน Microsoft Teams น้าา (รหัสเข้า Teams : lsoimrtr ),2023-10-04T08:04:44.840657400,0f0de60f-685f-432b-9280-dfd563a8e437
e90bb7e6-0843-484a-9326-ae4fec4ef020,สตาฟดูแลทางเข้างาน,gojo,ตอน 4 โมงเย็นผมไม่น่าจะว่างครับ มีไปหาหมอฟัน พอจะมีสรุปที่ประชุมให้ไหมครับ,2023-10-04T08:49:08.233717600,83b26666-dd6a-4845-bf55-2183d88c27fe
16aa5209-4332-4907-b639-efcec6218f9a,ทีมจัดการบูธ,ice,เดี๋ยวจะมีการประชุมทาง Microsoft Teams นะคะ เดี๋ยวจะส่งรหัาเข้า Teams ให้อีกทีนะคะ,2023-10-04T08:58:34.505035200,4da75b83-c47c-411c-a413-387b4fba0b4e
16aa5209-4332-4907-b639-efcec6218f9a,ทีมจัดการบูธ,ice,เดี๋ยวจะมีการประชุมทาง Microsoft Teams นะคะ เดี๋ยวจะส่งรหัาเข้า Teams ให้อีกทีนะคะ,2023-10-04T08:58:38.864609600,8d35121d-013b-4111-a73e-908b21b42243
16aa5209-4332-4907-b639-efcec6218f9a,ทีมจัดการบูธ,ice,รหัสเข้า Teams คือ lsoksmi นะคะ อย่าลืมเข้ามากันด้วยน้าาา,2023-10-04T09:20:05.264928900,4da75b83-c47c-411c-a413-387b4fba0b4e
16aa5209-4332-4907-b639-efcec6218f9a,ทีมจัดการบูธ,ice,รหัสเข้า Teams คือ lsoksmi นะคะ อย่าลืมเข้ามากันด้วยน้าา,2023-10-04T09:20:15.369072,8d35121d-013b-4111-a73e-908b21b42243
e90bb7e6-0843-484a-9326-ae4fec4ef020,สตาฟดูแลทางเข้างาน,1,ได้ครับ เดี๋ยวทางเราจะมีสรุปการประชุมให้นะครับ,2023-10-04T10:20:11.097475700,83b26666-dd6a-4845-bf55-2183d88c27fe
16aa5209-4332-4907-b639-efcec6218f9a,ทีมจัดการบูธ,Solomon,โอเคครับผม,2023-10-04T10:41:06.856135100,8d35121d-013b-4111-a73e-908b21b42243
16aa5209-4332-4907-b639-efcec6218f9a,ทีมจัดการบูธ,Solomon,รับทราบครับ,2023-10-04T10:41:16.088911,4da75b83-c47c-411c-a413-387b4fba0b4e
e90bb7e6-0843-484a-9326-ae4fec4ef020,สตาฟดูแลทางเข้างาน,gojo,ตอน 4 โมงเย็นผมไม่น่าจะว่างครับ มีไปหาหมอฟัน พอจะมีสรุปที่ประชุมให้ไหมครับ,2023-10-05T08:49:08.233717600,83b26666-dd6a-4845-bf55-2183d88c27fe
a696b071-b826-47d6-bf3f-9b721044f5de,สตาฟสอนผู้เข้าร่วม,ice,เดี๋ยวเราจะมีการอบรมทุกคนก่อนถึงวันงานจริงนะคะ,2023-10-08T22:06:01.304939,738a4f3c-a6d3-4f10-a3f6-509dea0c9ace
a696b071-b826-47d6-bf3f-9b721044f5de,สตาฟสอนผู้เข้าร่วม,ice,อบรมที่สถานที่จัดงานน้า,2023-10-08T22:06:10.640241900,738a4f3c-a6d3-4f10-a3f6-509dea0c9ace
a696b071-b826-47d6-bf3f-9b721044f5de,สตาฟสอนผู้เข้าร่วม,ice,วันที่ 10/10/2023 เวลา 8 โมงเป็นต้นไปนะคะ,2023-10-08T22:06:23.969050400,738a4f3c-a6d3-4f10-a3f6-509dea0c9ace
a696b071-b826-47d6-bf3f-9b721044f5de,สตาฟสอนผู้เข้าร่วม,ice,ขอให้ทุกคนมากันด้วยน้าา,2023-10-08T22:06:30.097208700,738a4f3c-a6d3-4f10-a3f6-509dea0c9ace
80ff809d-2d54-40b9-8afc-63658420f3af,ทีมจัดบูธ,ice,เราจะมาจัดบูธร่วมกันในวันที่ 10/10/2023 นะคะ เวลา 10 โมงเป็นต้นไปน้าา มากันด้วยนะๆๆๆ,2023-10-10T08:00:14.528805700,a4761e60-e6d5-40fc-a0e3-7e4ceac1928e
16aa5209-4332-4907-b639-efcec6218f9a,ทีมจัดการบูธ,Solomon,สอบถามครับ การเตรียมงานวันพรุ่งนี้ต้องไปก่อนงานเริ่มกี่ชั่วโมงครับ,2023-10-12T21:25:31.124280100,1e8c4287-5df3-471f-ac8e-2d8140936c5c
16aa5209-4332-4907-b639-efcec6218f9a,ทีมจัดการบูธ,ice,มาก่อนสัก 1 ชั่วโมงก็ได้ค่ะ,2023-10-12T21:25:55.749132300,1e8c4287-5df3-471f-ac8e-2d8140936c5c
16aa5209-4332-4907-b639-efcec6218f9a,ทีมจัดการบูธ,Solomon,โอเคครับ ขอบคุณครับ,2023-10-12T21:26:17.583056,1e8c4287-5df3-471f-ac8e-2d8140936c5c
16aa5209-4332-4907-b639-efcec6218f9a,ทีมจัดการบูธ,Alicia,ต้องเตรียมอะไรไปไหมคะ,2023-10-12T21:26:50.028796900,1e8c4287-5df3-471f-ac8e-2d8140936c5c
16aa5209-4332-4907-b639-efcec6218f9a,ทีมจัดการบูธ,ice,มาแต่ตัวได้เลยค่ะ,2023-10-12T21:27:19.460616200,1e8c4287-5df3-471f-ac8e-2d8140936c5c
16aa5209-4332-4907-b639-efcec6218f9a,ทีมจัดการบูธ,Alicia,มีกำหนดการแต่งกายไหมคะ,2023-10-12T21:28:19.008330500,1e8c4287-5df3-471f-ac8e-2d8140936c5c
16aa5209-4332-4907-b639-efcec6218f9a,ทีมจัดการบูธ,ice,ขอเสื้อคอปก กางแกงขายาว รองเท้าสุภาพค่ะ,2023-10-12T21:28:53.017763800,1e8c4287-5df3-471f-ac8e-2d8140936c5c
16aa5209-4332-4907-b639-efcec6218f9a,ทีมจัดการบูธ,ice,พรุ่งนี้ 9 โมงนะคะ มาก่อนสักครึ่งชั่วโมงได้จะดีมากค่ะ,2023-10-12T21:30:25.275027900,8d35121d-013b-4111-a73e-908b21b42243
16aa5209-4332-4907-b639-efcec6218f9a,ทีมจัดการบูธ,ice,รบกวนทุกคนหลังงานจบพรุ่งนี้ รวมตัวกันพื่อประชุมกันสักครู่นะคะ,2023-10-12T21:31:16.706865,1550547a-1036-4cbd-8505-f8563be9c97a
16aa5209-4332-4907-b639-efcec6218f9a,ทีมจัดการบูธ,ice,ใช้เวลาไม่นานค่ะ,2023-10-12T21:31:23.181962200,1550547a-1036-4cbd-8505-f8563be9c97a
16aa5209-4332-4907-b639-efcec6218f9a,ทีมจัดการบูธ,kelly,รับทราบค่ะ,2023-10-12T21:32:35.165116700,1550547a-1036-4cbd-8505-f8563be9c97a
16aa5209-4332-4907-b639-efcec6218f9a,ทีมจัดการบูธ,ice,มีเลี้ยงอาหารหลังงานจบด้วยค่ะ อยากให้มากัน,2023-10-12T21:33:17.461487300,1550547a-1036-4cbd-8505-f8563be9c97a
16aa5209-4332-4907-b639-efcec6218f9a,ทีมจัดการบูธ,ice,สวัสดีค่ะ รบกวนทุกคนอย่าลืมเข้าประชุมสรุปผลนะคะ,2023-10-12T21:34:32.556891,4da75b83-c47c-411c-a413-387b4fba0b4e
16aa5209-4332-4907-b639-efcec6218f9a,ทีมจัดการบูธ,ice,ใครได้รับหน้าที่แจกใบประเมินให้กับลูกค้า อย่าลืมนำผลการประเมินมาให้ดูนะคะ,2023-10-12T21:35:09.455541300,4da75b83-c47c-411c-a413-387b4fba0b4e
16aa5209-4332-4907-b639-efcec6218f9a,ทีมจัดการบูธ,Solomon,ได้ครับ,2023-10-12T21:37:13.002188200,4da75b83-c47c-411c-a413-387b4fba0b4e
16aa5209-4332-4907-b639-efcec6218f9a,ทีมจัดการบูธ,ice,นัดหมายการประชุมค่ะ ;วันจันทร์ที่ 16 ตุลาคม 2566 ทาง Zoom meeting 10.00 - 12.00,2023-10-12T21:39:06.930122500,9ce08efa-d1d1-43d1-a7e1-50b14499dd5f
16aa5209-4332-4907-b639-efcec6218f9a,ทีมจัดการบูธ,ice,link สำหรับการเข้าร่วมจะแจ้งให้ทราบอีกครั้งนะคะ ขอบคุณค่ะ,2023-10-12T21:39:53.754508800,9ce08efa-d1d1-43d1-a7e1-50b14499dd5f
16aa5209-4332-4907-b639-efcec6218f9a,ทีมจัดการบูธ,Alicia,ถ้าไม่สะดวกเข้าร่วมประชุมจะเป็นอะไรไหมคะ ติดธุระด่วนค่ะ,2023-10-12T21:40:49.428798100,1550547a-1036-4cbd-8505-f8563be9c97a
16aa5209-4332-4907-b639-efcec6218f9a,ทีมจัดการบูธ,ice,ไม่เป็นไรค่ะ เดี๋ยวจะมีสรุปให้อ่านกันอีกครั้งค่ะ,2023-10-12T21:41:25.512397,1550547a-1036-4cbd-8505-f8563be9c97a
16aa5209-4332-4907-b639-efcec6218f9a,ทีมดูแลความปลอดภัย,ice,สวัสดีค่ะ ขอนัดหมายการประชุมนะคะ วันจันทร์ ที่ 16 ต.ค. 2566 เวลา 12.00 เป็นการประชุมแบบออนไลน์ค่ะ,2023-10-12T21:43:00.483507100,120be012-1a0f-4f9a-b99f-246e671e77dd
16aa5209-4332-4907-b639-efcec6218f9a,ทีมดูแลความปลอดภัย,ice,เดี๋ยวจะส่ง link ให้อีกทีวันพรุ่งนี้ค่ะ,2023-10-12T21:43:20.652346200,120be012-1a0f-4f9a-b99f-246e671e77dd
16aa5209-4332-4907-b639-efcec6218f9a,ทีมดูแลความปลอดภัย,ice,จะเป็นการประชุมเพื่อแบ่งหน้าที่ แบ่งโซนที่ต้องรับผิดชอบกันค่ะ,2023-10-12T21:45:14.288662100,120be012-1a0f-4f9a-b99f-246e671e77dd
16aa5209-4332-4907-b639-efcec6218f9a,ทีมดูแลความปลอดภัย,shawn,รับทราบครับ,2023-10-12T21:47:22.753271900,120be012-1a0f-4f9a-b99f-246e671e77dd
16aa5209-4332-4907-b639-efcec6218f9a,ทีมดูแลความปลอดภัย,shawn,แจ้งข่าวครับ มีลูกค้าแจ้งว่าโดนล้วงกระเป๋าเงินครับ,2023-10-12T21:51:36.958804,0ecd55da-0421-47c3-a357-d530a7e79600
16aa5209-4332-4907-b639-efcec6218f9a,ทีมดูแลความปลอดภัย,justinb,โซนไหนครับ,2023-10-12T21:52:05.065653100,0ecd55da-0421-47c3-a357-d530a7e79600
16aa5209-4332-4907-b639-efcec6218f9a,ทีมดูแลความปลอดภัย,shawn,โซน B17 ครับ,2023-10-12T21:55:41.987797800,0ecd55da-0421-47c3-a357-d530a7e79600
16aa5209-4332-4907-b639-efcec6218f9a,ทีมดูแลความปลอดภัย,shawn,ตอนนี้ดำเนินการแจ้งศูนย์ประสานงานให้เปิดกล้องวงจรปิดดูแล้วครับ,2023-10-12T21:56:02.078197,0ecd55da-0421-47c3-a357-d530a7e79600
16aa5209-4332-4907-b639-efcec6218f9a,ทีมดูแลความปลอดภัย,ice,พรุ่งนี้นัดเช้านิดนึงนะคะ 7 โมงครึ่งค่ะ หน้าทางเข้างาน,2023-10-12T21:56:39.197913700,3bf75643-9f20-48a3-a34e-43d2bebbe399
16aa5209-4332-4907-b639-efcec6218f9a,ทีมดูแลความปลอดภัย,ice,เดี๋ยวมี meeting กันค่ะ มีอาหารให้ฟรี,2023-10-12T21:57:02.036024700,3bf75643-9f20-48a3-a34e-43d2bebbe399
2255983a-080e-49fb-ae25-8fb5c528615d,สตาฟดูแลผู้เข้าร่วม,ice,สวัสดีค่า สอบถามค่ะ,2023-10-12T21:59:14.498939100,45b5a5d9-63c1-4071-b5ad-8938f0623bd9
2255983a-080e-49fb-ae25-8fb5c528615d,สตาฟดูแลผู้เข้าร่วม,ice,พรุ่งนี้จะเสร็จประมาณกี่โมงคะ,2023-10-12T21:59:46.266022400,45b5a5d9-63c1-4071-b5ad-8938f0623bd9
a696b071-b826-47d6-bf3f-9b721044f5de,สตาฟสอนผู้เข้าร่วม,Alicia,สวัสดีค่ะ วันฝึกงานต้องเตรียมอะไรไปบ้างคะ,2023-10-12T22:01:28.077895100,9961ae4c-3d8f-4870-82ab-c466c0a5f91b
a696b071-b826-47d6-bf3f-9b721044f5de,สตาฟสอนผู้เข้าร่วม,ice,ไม่ต้องเตรียมอะไรมาเลยก็ได้ค่ะ,2023-10-12T22:02:19.156748600,9961ae4c-3d8f-4870-82ab-c466c0a5f91b
a696b071-b826-47d6-bf3f-9b721044f5de,สตาฟสอนผู้เข้าร่วม,ice,ทางเราเตรียมอุปกรณ์ให้เรียบร้อยแล้ว มีเลี้ยงมื้อกลางวันด้วยนะคะ,2023-10-12T22:02:46.130702700,9961ae4c-3d8f-4870-82ab-c466c0a5f91b
a696b071-b826-47d6-bf3f-9b721044f5de,สตาฟสอนผู้เข้าร่วม,paul,การประชุมที่จะถึงนี้ป็นการประชุมแบบออนไลน์หรือว่าให้ไปประชุมที่ร้านครับ,2023-10-12T22:04:12.449752600,f6ab90e4-5695-435c-8248-4105a25f1d4f
a696b071-b826-47d6-bf3f-9b721044f5de,สตาฟสอนผู้เข้าร่วม,ice,เป็นการประชุมแบบออนไลน์ค่ะ จะได้ไม่ต้องลำบากเดินทางมากัน,2023-10-12T22:04:52.030671600,f6ab90e4-5695-435c-8248-4105a25f1d4f
a696b071-b826-47d6-bf3f-9b721044f5de,สตาฟสอนผู้เข้าร่วม,ice,ยังไงเดี๋ยวจะแจ้งรายละเอียดให้ทราบอีกทีนะคะ,2023-10-12T22:05:09.146767300,f6ab90e4-5695-435c-8248-4105a25f1d4f
a696b071-b826-47d6-bf3f-9b721044f5de,สตาฟสอนผู้เข้าร่วม,ice,ขอตัวแทนมาเอาอุปกรณ์ที่หลังร้านหน่อยค่ะ ขอ 2 คนค่ะ,2023-10-12T22:05:46.772209600,1f458acf-53cf-44a4-b117-2651e48a74ee
a696b071-b826-47d6-bf3f-9b721044f5de,สตาฟสอนผู้เข้าร่วม,bruno,ผมครับ กำลังเดินไป,2023-10-12T22:06:45.182652800,1f458acf-53cf-44a4-b117-2651e48a74ee
a696b071-b826-47d6-bf3f-9b721044f5de,สตาฟสอนผู้เข้าร่วม,Alicia,เดี๋ยวหนูไปให้ค่ะ,2023-10-12T22:07:40.961115600,1f458acf-53cf-44a4-b117-2651e48a74ee
a696b071-b826-47d6-bf3f-9b721044f5de,สตาฟสอนผู้เข้าร่วม,ice,ได้คนครบแล้วค่ะ ขอบคุณมากค่ะ,2023-10-12T22:08:05.192290800,1f458acf-53cf-44a4-b117-2651e48a74ee
a696b071-b826-47d6-bf3f-9b721044f5de,สตาฟสอนผู้เข้าร่วม,ice,สวัสดีค่ะ พี่อยากได้ตัวแทนแนะนำและบรรยายให้คนที่มาเข้าร่วม 1 คน ค่ะ,2023-10-12T22:09:44.981216100,78120a2c-1cde-4b5d-8377-9af37c4087a6
a696b071-b826-47d6-bf3f-9b721044f5de,สตาฟสอนผู้เข้าร่วม,ice,ถ้าไม่มีคนเสนอพี่ขอสุ่มนะคะ,2023-10-12T22:10:11.558187100,78120a2c-1cde-4b5d-8377-9af37c4087a6
a696b071-b826-47d6-bf3f-9b721044f5de,สตาฟสอนผู้เข้าร่วม,paul,ผมเป็นตัวแทนได้ครับๆ,2023-10-12T22:10:35.595842400,78120a2c-1cde-4b5d-8377-9af37c4087a6
a696b071-b826-47d6-bf3f-9b721044f5de,สตาฟสอนผู้เข้าร่วม,ice,โอ้ ขอบคุณมากค่ะ,2023-10-12T22:10:53.596467600,78120a2c-1cde-4b5d-8377-9af37c4087a6
a696b071-b826-47d6-bf3f-9b721044f5de,สตาฟสอนผู้เข้าร่วม,ice,รบกวนมาพบพี่ที่หลังร้านหน่อยค่ะ,2023-10-12T22:11:01.947215700,78120a2c-1cde-4b5d-8377-9af37c4087a6
a696b071-b826-47d6-bf3f-9b721044f5de,สตาฟสอนผู้เข้าร่วม,ice,ทุกคนมารับอุปกรณ์ที่หลังร้านด้วยนะคะ,2023-10-12T22:11:23.652549900,738a4f3c-a6d3-4f10-a3f6-509dea0c9ace
a696b071-b826-47d6-bf3f-9b721044f5de,สตาฟสอนผู้เข้าร่วม,ice,จะได้เอาไปเตรียมไว้ก่อน,2023-10-12T22:11:29.321037900,738a4f3c-a6d3-4f10-a3f6-509dea0c9ace
a696b071-b826-47d6-bf3f-9b721044f5de,สตาฟสอนผู้เข้าร่วม,paul,ได้ครับ,2023-10-12T22:11:43.280618,738a4f3c-a6d3-4f10-a3f6-509dea0c9ace
a696b071-b826-47d6-bf3f-9b721044f5de,สตาฟสอนผู้เข้าร่วม,bruno,รับทราบครับ,2023-10-12T22:12:00.150598200,738a4f3c-a6d3-4f10-a3f6-509dea0c9ace
a696b071-b826-47d6-bf3f-9b721044f5de,สตาฟสอนผู้เข้าร่วม,Alicia,โอเคค่ะ,2023-10-12T22:12:24.610096300,738a4f3c-a6d3-4f10-a3f6-509dea0c9ace
2255983a-080e-49fb-ae25-8fb5c528615d,สตาฟดูแลผู้เข้าร่วม,Alicia,แบบประเมินงาน ให้นำไปเสนอวันประชุมเลยไหมคะ,2023-10-12T22:13:25.487912600,e3fb34cb-a4d7-411f-b976-0e0a819b52d5
2255983a-080e-49fb-ae25-8fb5c528615d,สตาฟดูแลผู้เข้าร่วม,Solomon,ใช่ค่ะ ให้นำมาวันประชุมเลยค่ะ,2023-10-12T22:14:12.795560600,e3fb34cb-a4d7-411f-b976-0e0a819b52d5
2255983a-080e-49fb-ae25-8fb5c528615d,สตาฟดูแลผู้เข้าร่วม,Solomon,ขอบคุณมากค่ะ,2023-10-12T22:14:20.445146600,e3fb34cb-a4d7-411f-b976-0e0a819b52d5
a696b071-b826-47d6-bf3f-9b721044f5de,สตาฟสอนผู้เข้าร่วม,ice,ตอนจบอีเวนต์นี้เราจะมีประชุมกันอีกทีนะคะ มาพูดคุยเกี่ยวกับอีเวนต์นี้กัน สนุกๆไม่เครียด เหมือนเพื่อนเราเรื่องให้กันฟังนะคะ,2023-10-12T22:19:42.384712700,f6ab90e4-5695-435c-8248-4105a25f1d4f
80ff809d-2d54-40b9-8afc-63658420f3af,ทีมจัดบูธ,ice,อันนี้เราจะประชุมกันในทุกๆวันหลังจบงานนะคะ ว่ามีปัญหาอะไรไหม ต้องแก้อะไรรึเปล่า จะได้แก้ไขปัญหากันได้ตรงจุดนะคะ,2023-10-12T22:23:46.704666500,3b0bdb59-89b2-4d44-bd87-38a306405971
2255983a-080e-49fb-ae25-8fb5c528615d,สตาฟดูแลผู้เข้าร่วม,Solomon,ไม่เกิน 4 โมงค่ะ,2023-10-12T22:24:06.824888900,45b5a5d9-63c1-4071-b5ad-8938f0623bd9
2255983a-080e-49fb-ae25-8fb5c528615d,สตาฟดูแลผู้เข้าร่วม,Solomon,กิจกรรมนี้ เวลา 10.00-12.00 นะคะ,2023-10-12T22:24:28.657646800,61b7352b-7546-48ef-9bb5-7f7730bb5c3c
2255983a-080e-49fb-ae25-8fb5c528615d,สตาฟดูแลผู้เข้าร่วม,Solomon,กิจกรรมนี้ 13.00 - 15.00 นะคะ,2023-10-12T22:24:42.726617,023342d7-6df2-479a-a179-438bce0ff80e
2255983a-080e-49fb-ae25-8fb5c528615d,สตาฟดูแลผู้เข้าร่วม,Solomon,ทุกคนอย่าลืมเตรียมอุปกรณ์สำหรับทำการสอนของตัวเองนะคะ,2023-10-12T22:25:13.682177100,2471f331-7f60-4da9-b20d-d5b3a26e48eb
2255983a-080e-49fb-ae25-8fb5c528615d,สตาฟดูแลผู้เข้าร่วม,Alicia,รับทราบค่ะ,2023-10-12T22:25:38.962103800,2471f331-7f60-4da9-b20d-d5b3a26e48eb
2255983a-080e-49fb-ae25-8fb5c528615d,สตาฟดูแลผู้เข้าร่วม,Solomon,ขอให้ทีมสตาฟทุกท่านเตรียมความพร้อมด้วยค่ะ,2023-10-12T22:26:29.833067400,61b7352b-7546-48ef-9bb5-7f7730bb5c3c
2255983a-080e-49fb-ae25-8fb5c528615d,สตาฟดูแลผู้เข้าร่วม,Solomon,ขอให้ทีมสตาฟทุกท่านเตรียมความพร้อมด้วยค่ะ,2023-10-12T22:26:49.633608300,023342d7-6df2-479a-a179-438bce0ff80e
2255983a-080e-49fb-ae25-8fb5c528615d,สตาฟดูแลผู้เข้าร่วม,ice,รับทราบค่ะ,2023-10-12T22:28:08.711844400,61b7352b-7546-48ef-9bb5-7f7730bb5c3c
16aa5209-4332-4907-b639-efcec6218f9a,ทีมดูแลทางเข้างาน,ice,พรุ่งนี้นัดหมายช่วง 7 โมงนะคะ เช้านิดนึงค่ะเนื่องจากเป็นงานวันแรก อาจมีโอกาสผิดพลาดเกิดขึ้นได้,2023-10-12T22:30:48.777946400,b8761f49-fc8f-4152-9712-1155c609d30b
16aa5209-4332-4907-b639-efcec6218f9a,ทีมดูแลทางเข้างาน,ice,เดี๋ยวจะมีแจกเสื้อทีมสตาฟกับผังงานนะคะ,2023-10-12T22:31:11.622173900,b8761f49-fc8f-4152-9712-1155c609d30b
16aa5209-4332-4907-b639-efcec6218f9a,ทีมดูแลทางเข้างาน,lanadel,กางเกงขายาว รองเท้าผ้าใบใช่ไหมคะ,2023-10-12T22:33:34.783254600,b8761f49-fc8f-4152-9712-1155c609d30b
16aa5209-4332-4907-b639-efcec6218f9a,ทีมดูแลทางเข้างาน,ice,ใช่ค่ะ,2023-10-12T22:34:11.817735,b8761f49-fc8f-4152-9712-1155c609d30b
16aa5209-4332-4907-b639-efcec6218f9a,ทีมดูแลทางเข้างาน,ice,การประชุมจะเป็นในรูปแบบออนไลน์นะคะ ทาง Microsoft eam ค่ะ เดี๋ยวจะมีการอธิบายการทำงาน และผังงานค่ะ,2023-10-12T22:35:06.319561700,0f0de60f-685f-432b-9280-dfd563a8e437
16aa5209-4332-4907-b639-efcec6218f9a,ทีมดูแลทางเข้างาน,ice,การดูแลงานหากเกิดปัยหาอะไรสามารถแจ้งได้เลยนะคะ,2023-10-12T22:35:49.673183,16ba706e-a95d-4396-b1e6-26701b840270
16aa5209-4332-4907-b639-efcec6218f9a,ทีมดูแลทางเข้างาน,bruno,มีลูกค้าแจ้งของหายครับ,2023-10-12T22:37:01.012420,16ba706e-a95d-4396-b1e6-26701b840270
2255983a-080e-49fb-ae25-8fb5c528615d,สตาฟดูแลผู้เข้าร่วม,Solomon,ถึงสตาฟทุกๆคนนะครับ เราจะต้องแนะนำทุกๆอย่างไม่ว่าจะเป็น การปั้นดินสอสี การทำเทียนหอม หรืออื่นๆให้ผู้เข้าร่วมอีเวนต์ทุกคนทำเป็นนะครับ,2023-10-12T22:37:29.552731500,61b7352b-7546-48ef-9bb5-7f7730bb5c3c
16aa5209-4332-4907-b639-efcec6218f9a,ทีมดูแลทางเข้างาน,ice,โซนไหนคะ รบกวนแจ้งรายละเอียดเพิ่มเติมค่ะ,2023-10-12T22:37:55.013157,16ba706e-a95d-4396-b1e6-26701b840270
2255983a-080e-49fb-ae25-8fb5c528615d,สตาฟดูแลผู้เข้าร่วม,Solomon,สตาฟทุกคนต้องมีความรู้ความเข้าใจเกี่ยวกับอีเวนต์นี้เป็นอย่างดีนะครับ,2023-10-12T22:37:58.361377900,61b7352b-7546-48ef-9bb5-7f7730bb5c3c
2255983a-080e-49fb-ae25-8fb5c528615d,สตาฟดูแลผู้เข้าร่วม,Solomon,เพื่อที่จะได้ตอบคำถามของผู้เข้าร่วมได้นะครับ,2023-10-12T22:38:11.953192,61b7352b-7546-48ef-9bb5-7f7730bb5c3c
2255983a-080e-49fb-ae25-8fb5c528615d,สตาฟดูแลผู้เข้าร่วม,Solomon,ขอให้ทุกคนเตรียมตัวกันให้พร้อมนะครับ,2023-10-12T22:38:20.616147200,61b7352b-7546-48ef-9bb5-7f7730bb5c3c
16aa5209-4332-4907-b639-efcec6218f9a,ทีมดูแลทางเข้างาน,ice,การประชุมครั้งสุดท้ายวันพุธนี้ ขอนัดเป็นออนไซต์นะคะ เผื่อจะได้มาดูสถานที่จริงหลังจัดงานด้วยเลย,2023-10-12T22:38:49.168344700,dfe4f6de-a453-4343-9ff2-9a9ba00d5b53
16aa5209-4332-4907-b639-efcec6218f9a,ทีมดูแลทางเข้างาน,ice,นัดประชุมออนไลน์ google meet 9.00-11.00 ค่ะ,2023-10-12T22:39:23.637540100,ab17a322-91b0-49f6-91d4-af9adfccd5bf
16aa5209-4332-4907-b639-efcec6218f9a,ทีมดูแลทางเข้างาน,lanadel,รับทราบค่ะ,2023-10-12T22:39:50.865449200,ab17a322-91b0-49f6-91d4-af9adfccd5bf
2255983a-080e-49fb-ae25-8fb5c528615d,สตาฟดูแลผู้เข้าร่วม,Solomon,ถึงสตาฟทุกๆคนนะครับ เราจะต้องแนะนำทุกๆอย่างไม่ว่าจะเป็น การปั้นดินสอสี การทำเทียนหอม หรืออื่นๆให้ผู้เข้าร่วมอีเวนต์ทุกคนทำเป็นนะครับ,2023-10-12T22:40:29.552731500,45b5a5d9-63c1-4071-b5ad-8938f0623bd9
2255983a-080e-49fb-ae25-8fb5c528615d,สตาฟดูแลผู้เข้าร่วม,Solomon,สตาฟทุกคนต้องมีความรู้ความเข้าใจเกี่ยวกับอีเวนต์นี้เป็นอย่างดีนะครับ,2023-10-12T22:40:58.361377900,45b5a5d9-63c1-4071-b5ad-8938f0623bd9
2255983a-080e-49fb-ae25-8fb5c528615d,สตาฟดูแลผู้เข้าร่วม,Solomon,เพื่อที่จะได้ตอบคำถามของผู้เข้าร่วมได้นะครับ,2023-10-12T22:41:11.953192,45b5a5d9-63c1-4071-b5ad-8938f0623bd9
2255983a-080e-49fb-ae25-8fb5c528615d,สตาฟดูแลผู้เข้าร่วม,Solomon,ขอให้ทุกคนเตรียมตัวกันให้พร้อมนะครับ,2023-10-12T22:41:20.616147200,45b5a5d9-63c1-4071-b5ad-8938f0623bd9
80ff809d-2d54-40b9-8afc-63658420f3af,ทีมดูแลความปลอดภัย,ice,online meeting Zoom Meetimg ทีมรักษาความปลอดภัยทุกท่าน ขอให้เข้าร่วมการประชุมด้วยค่ะ,2023-10-12T22:41:56.656390200,45baeacc-c65c-4c82-9dd8-b3f6ae86eb9c
80ff809d-2d54-40b9-8afc-63658420f3af,ทีมดูแลความปลอดภัย,ice,นัดหมายการอบรมนะคะ 9.00-16.00 ทีมดูแลรักษาความปลอดภัยทุกท่าน ขอให้ตรงต่อเวลาด้วยค่ะ,2023-10-12T22:42:38.749426200,c221e233-80dc-4ea7-96e8-87275a289618
80ff809d-2d54-40b9-8afc-63658420f3af,ทีมดูแลความปลอดภัย,shawn,รับทราบครับ,2023-10-12T22:43:34.430800600,c221e233-80dc-4ea7-96e8-87275a289618
80ff809d-2d54-40b9-8afc-63658420f3af,ทีมดูแลความปลอดภัย,shawn,การประชุม ต้องนำเสนอสรุปเรื่องความปลอดภัยภายในงานด้วยใช่ไหมครับ,2023-10-12T22:44:18.673788900,e10ffab7-befb-494d-96a1-19daa5e26a65
80ff809d-2d54-40b9-8afc-63658420f3af,ทีมดูแลความปลอดภัย,ice,ใช่ค่ะ,2023-10-12T22:44:53.511758300,e10ffab7-befb-494d-96a1-19daa5e26a65
80ff809d-2d54-40b9-8afc-63658420f3af,ทีมดูแลความปลอดภัย,ice,เตรียมความพร้อมด้วยนะคะ,2023-10-12T22:44:58.054433800,e10ffab7-befb-494d-96a1-19daa5e26a65
80ff809d-2d54-40b9-8afc-63658420f3af,ทีมดูแลความปลอดภัย,ice,แจ้งให้ทราบ,2023-10-12T22:46:29.258723500,17e936ad-c27a-4490-a75b-7ea2d2b51302
80ff809d-2d54-40b9-8afc-63658420f3af,ทีมดูแลความปลอดภัย,ice,พรุ่งนี้จะมีทีมตรวจสอบพิเศษเข้ามาดูงานนะคะ,2023-10-12T22:47:32.499714300,17e936ad-c27a-4490-a75b-7ea2d2b51302
80ff809d-2d54-40b9-8afc-63658420f3af,ทีมดูแลความปลอดภัย,ice,ระหว่างงาน หากเกิดเหตุฉุกเฉินขอให้ดำเนินการตามที่ได้ประชุมไว้นะคะ,2023-10-12T22:48:33.297488500,d0eafa02-058f-4cc5-aa8e-e49c14787807
80ff809d-2d54-40b9-8afc-63658420f3af,ทีมจัดบูธ,ice,วันออกแบบ จะมีทีมออแกไนซ์เข้ามาช่วยดำเนินการนะคะ,2023-10-12T22:50:57.922678600,a4761e60-e6d5-40fc-a0e3-7e4ceac1928e
80ff809d-2d54-40b9-8afc-63658420f3af,ทีมจัดบูธ,ice,นัดประชุมทีมจัดบูธก่อนงานเริ่มนะคะ,2023-10-12T22:52:22.288858900,7b4be1cd-282b-4c1d-aed6-a72426d0f754
80ff809d-2d54-40b9-8afc-63658420f3af,ทีมจัดบูธ,ice,วันเสาร์นี้จะมีช่างเข้ามาจัดบูธค่ะ,2023-10-12T22:52:55.644222200,02cee920-bcc7-4a57-89db-d265aaf99c50
80ff809d-2d54-40b9-8afc-63658420f3af,ทีมจัดบูธ,paul,ต้องเตรียมอะไรไปไหมครับ,2023-10-12T22:54:23.165128100,02cee920-bcc7-4a57-89db-d265aaf99c50
80ff809d-2d54-40b9-8afc-63658420f3af,ทีมจัดบูธ,paul,สอบถามครับ การประชุมจะเป็นการประชุมในรูปแบบไหนครับ,2023-10-12T22:54:59.582007700,3b0bdb59-89b2-4d44-bd87-38a306405971
80ff809d-2d54-40b9-8afc-63658420f3af,ทีมจัดบูธ,ice,แจ้งค่ะ,2023-10-12T22:55:29.401267500,1d0bb902-324b-48e7-b922-bde2d2c8c650
80ff809d-2d54-40b9-8afc-63658420f3af,ทีมจัดบูธ,ice,วันถอดบูธจะมีช่างเข้ามาดำเนินการให้ค่ะ แต่ขอให้ทีมสตาฟเข้ามาช่วยเก็บของกันด้วยนะคะ,2023-10-12T22:57:02.069070900,1d0bb902-324b-48e7-b922-bde2d2c8c650
80ff809d-2d54-40b9-8afc-63658420f3af,ทีมจัดบูธ,ice,ออนไลน์ค่ะ,2023-10-12T22:57:23.744526700,3b0bdb59-89b2-4d44-bd87-38a306405971
80ff809d-2d54-40b9-8afc-63658420f3af,ทีมจัดบูธ,rihanna,รับทราบค่ะ,2023-10-12T22:58:54.178771900,7b4be1cd-282b-4c1d-aed6-a72426d0f754
80ff809d-2d54-40b9-8afc-63658420f3af,ทีมจัดบูธ,rihanna,จะแจ้งรายละเอียดตอนไหนคะ,2023-10-12T22:59:16.726532900,3b0bdb59-89b2-4d44-bd87-38a306405971
80ff809d-2d54-40b9-8afc-63658420f3af,ทีมจัดบูธ,rihanna,ช่วงกี่โมงคะ,2023-10-12T22:59:44.327882100,02cee920-bcc7-4a57-89db-d265aaf99c50
e90bb7e6-0843-484a-9326-ae4fec4ef020,สตาฟดูแลความปลอดภัย,1,อย่าลืมตรวจสอบสถานที่ทุกมุมกันด้วยนะ,2023-10-13T00:14:34.176494500,c3171fe7-6bad-4f47-b362-5c8a0569b892
e90bb7e6-0843-484a-9326-ae4fec4ef020,สตาฟดูแลความปลอดภัย,1,เพื่อความปลอยภัยของส่วนรวมนะครับ,2023-10-13T00:14:42.808381600,c3171fe7-6bad-4f47-b362-5c8a0569b892
e90bb7e6-0843-484a-9326-ae4fec4ef020,สตาฟดูแลความปลอดภัย,1,อย่าลืมตรวจสอบอุปกรณ์ให้ดีๆนะครับ,2023-10-13T00:15:00.880565500,7325a0f1-457a-4cfd-9765-b43a746e584d
e90bb7e6-0843-484a-9326-ae4fec4ef020,สตาฟดูแลความปลอดภัย,1,จะได้มีเหตุการณ์กระทันหันเกิดขึ้น อุปกรณ์จะได้เตียมพร้อมตลอด,2023-10-13T00:15:27.736371400,7325a0f1-457a-4cfd-9765-b43a746e584d
e90bb7e6-0843-484a-9326-ae4fec4ef020,สตาฟดูแลความปลอดภัย,1,เดี๋ยวในส่วนนี้ผมจะเป็นคนไปประสานงานกับส่วนจัดบูธให้แล้วมาแจ้งรายละเอียดอีกทีนะครับ,2023-10-13T00:16:07.584943100,9dacc06c-16b5-4f22-b10e-ab25c89dba24
e90bb7e6-0843-484a-9326-ae4fec4ef020,สตาฟดูแลทางเข้างาน,1,ขอให้ทุกคนช่วยกันตรวจสอบสิ่งต่างๆให้อยู่ในความพร้อมเสมอนะครับ,2023-10-13T00:18:05.249122400,2b63811d-26c8-43b7-8811-af02a54daff4
e90bb7e6-0843-484a-9326-ae4fec4ef020,สตาฟดูแลทางเข้างาน,1,ในส่วนนี้เราทำอะไรได้ไม่มากนะครับ แต่ก็ขอให้ทุกคนช่วยเคีลยพื้นที่หน้างานให้มีการจราจรติดขัดน้อยที่สุดนะครับ,2023-10-13T00:19:22.480550700,04add155-5ff3-47b5-a3e1-ee527c5cc90e
e90bb7e6-0843-484a-9326-ae4fec4ef020,สตาฟดูแลทางเข้างาน,1,ถ้ามีผู้เข้าร่วมมาจำนวนมากจริงๆก็เรียกตำรวจจราจรมาช่วยจัดการพื้นที่นี้ก็ได้ครับ,2023-10-13T00:19:58.360156200,04add155-5ff3-47b5-a3e1-ee527c5cc90e
